ticker,trade_id,side,open_time,open_price,close_time,close_price,close_event,bars_held,pnl_pct
EURUSD=X,1,short,2026-03-02 18:30:00+00:00,1.16918,2026-03-02 19:20:00+00:00,1.17047,stop_exit,10,-0.00110333738175461
EURUSD=X,2,short,2026-03-02 20:20:00+00:00,1.16854,2026-03-03 09:45:00+00:00,1.16008,take_profit_exit,161,0.007239803515497911
EURUSD=X,3,short,2026-03-03 09:50:00+00:00,1.16032,2026-03-03 15:05:00+00:00,1.15532,take_profit_exit,63,0.004309156094870481
EURUSD=X,4,short,2026-03-03 15:10:00+00:00,1.1549,2026-03-03 15:40:00+00:00,1.15747,stop_exit,6,-0.0022253008918520223
EURUSD=X,5,short,2026-03-04 00:10:00+00:00,1.16064,2026-03-04 01:15:00+00:00,1.15854,take_profit_exit,13,0.001809346567411052
EURUSD=X,6,short,2026-03-04 01:20:00+00:00,1.15786,2026-03-04 02:10:00+00:00,1.1597,stop_exit,10,-0.001589138583248495
EURUSD=X,7,short,2026-03-04 04:50:00+00:00,1.15928,2026-03-04 06:00:00+00:00,1.15908,filter_exit,14,0.0001725208750258389
EURUSD=X,8,short,2026-03-06 11:05:00+00:00,1.15682,2026-03-06 13:30:00+00:00,1.159,stop_exit,29,-0.0018844764094674282
EURUSD=X,9,short,2026-03-08 21:30:00+00:00,1.1555,2026-03-08 21:45:00+00:00,1.15483,take_profit_exit,3,0.0005798355690177504
EURUSD=X,10,short,2026-03-08 21:50:00+00:00,1.1547,2026-03-09 00:50:00+00:00,1.15169,take_profit_exit,36,0.0026067376807829
EURUSD=X,11,short,2026-03-09 00:55:00+00:00,1.15172,2026-03-09 05:05:00+00:00,1.15349,stop_exit,50,-0.0015368318688568916
EURUSD=X,12,short,2026-03-09 08:35:00+00:00,1.15172,2026-03-09 09:30:00+00:00,1.15674,stop_exit,11,-0.00435869829472435
EURUSD=X,13,short,2026-03-11 13:00:00+00:00,1.15837,2026-03-11 14:00:00+00:00,1.15958,stop_exit,12,-0.0010445712509821181
EURUSD=X,14,short,2026-03-11 14:40:00+00:00,1.1587,2026-03-11 23:00:00+00:00,1.15498,take_profit_exit,100,0.0032104945197205526
EURUSD=X,15,short,2026-03-11 23:05:00+00:00,1.15482,2026-03-12 08:10:00+00:00,1.15544,stop_exit,109,-0.0005368802064391609
EURUSD=X,16,short,2026-03-12 12:20:00+00:00,1.15398,2026-03-13 06:55:00+00:00,1.14828,take_profit_exit,223,0.004939427026464993
EURUSD=X,17,short,2026-03-13 07:00:00+00:00,1.14791,2026-03-13 19:05:00+00:00,1.14318,take_profit_exit,145,0.004120532097463991
EURUSD=X,18,short,2026-03-13 19:10:00+00:00,1.14286,2026-03-16 00:00:00+00:00,1.1441,stop_exit,58,-0.0010849972875066616
EURUSD=X,19,short,2026-03-16 05:10:00+00:00,1.14416,2026-03-16 06:00:00+00:00,1.14324,take_profit_exit,10,0.0008040833449867169
EURUSD=X,20,short,2026-03-16 06:05:00+00:00,1.14344,2026-03-16 07:35:00+00:00,1.14152,take_profit_exit,18,0.0016791436367451507
EURUSD=X,21,short,2026-03-16 07:40:00+00:00,1.14203,2026-03-16 08:05:00+00:00,1.14336,stop_exit,5,-0.0011645928740924294
EURUSD=X,22,short,2026-03-18 17:00:00+00:00,1.151,2026-03-18 17:45:00+00:00,1.15114,stop_exit,9,-0.00012163336229376043
EURUSD=X,23,short,2026-03-18 18:20:00+00:00,1.15096,2026-03-18 20:10:00+00:00,1.14636,take_profit_exit,22,0.003996663654688204
EURUSD=X,24,short,2026-03-18 20:15:00+00:00,1.14582,2026-03-19 01:00:00+00:00,1.14755,stop_exit,57,-0.001509835750816091
EURUSD=X,25,short,2026-03-19 04:25:00+00:00,1.14712,2026-03-19 06:15:00+00:00,1.14755,stop_exit,22,-0.00037485180277574415
EURUSD=X,26,short,2026-03-19 06:30:00+00:00,1.14647,2026-03-19 09:00:00+00:00,1.14614,filter_exit,30,0.0002878400655927926
EURUSD=X,27,short,2026-03-27 06:55:00+00:00,1.15345,2026-03-27 07:55:00+00:00,1.1519,take_profit_exit,12,0.0013437947028480668
EURUSD=X,28,short,2026-03-27 08:00:00+00:00,1.15179,2026-03-27 13:20:00+00:00,1.15262,stop_exit,64,-0.0007206174736713589
EURUSD=X,29,short,2026-03-27 16:35:00+00:00,1.15156,2026-03-27 16:45:00+00:00,1.15228,stop_exit,2,-0.0006252388064886816
EURUSD=X,30,short,2026-03-27 17:10:00+00:00,1.15148,2026-03-30 13:40:00+00:00,1.1469,take_profit_exit,246,0.003977489839163573
EURUSD=X,31,short,2026-03-30 13:45:00+00:00,1.14667,2026-03-31 01:25:00+00:00,1.14893,stop_exit,140,-0.0019709245031263034
EURUSD=X,32,short,2026-03-31 05:10:00+00:00,1.14632,2026-03-31 06:25:00+00:00,1.14702,stop_exit,15,-0.0006106497313140835
EURUSD=X,33,short,2026-03-31 07:15:00+00:00,1.14647,2026-03-31 08:45:00+00:00,1.1474,stop_exit,18,-0.0008111856393973049
EURUSD=X,34,short,2026-04-03 13:05:00+00:00,1.15316,2026-04-03 13:10:00+00:00,1.15372,stop_exit,1,-0.00048562211661873356
EURUSD=X,35,short,2026-04-03 13:35:00+00:00,1.15282,2026-04-03 20:55:00+00:00,1.15222,end_of_data,88,0.0005204628649745358
GBPUSD=X,1,short,2026-02-26 18:00:00+00:00,1.34478,2026-02-26 19:10:00+00:00,1.34728,stop_exit,14,-0.0018590401403946188
GBPUSD=X,2,short,2026-02-26 21:45:00+00:00,1.34827,2026-02-26 22:30:00+00:00,1.34824,stop_exit,9,2.2250736128492932e-05
GBPUSD=X,3,short,2026-02-26 22:35:00+00:00,1.34814,2026-02-26 23:35:00+00:00,1.34887,stop_exit,12,-0.0005414867892059583
GBPUSD=X,4,short,2026-02-27 01:55:00+00:00,1.34768,2026-02-27 03:00:00+00:00,1.34886,stop_exit,13,-0.0008755787724088471
GBPUSD=X,5,short,2026-02-27 06:15:00+00:00,1.34796,2026-02-27 07:55:00+00:00,1.34879,stop_exit,20,-0.0006157452743404956
GBPUSD=X,6,short,2026-02-27 10:10:00+00:00,1.34785,2026-02-27 13:35:00+00:00,1.34469,take_profit_exit,41,0.002344474533516383
GBPUSD=X,7,short,2026-02-27 13:40:00+00:00,1.34498,2026-02-27 14:35:00+00:00,1.34736,stop_exit,11,-0.0017695430415320956
GBPUSD=X,8,short,2026-02-27 14:55:00+00:00,1.34502,2026-02-27 18:00:00+00:00,1.34623,filter_exit,37,-0.0008996148756150735
GBPUSD=X,9,short,2026-03-01 22:00:00+00:00,1.3408,2026-03-03 18:00:00+00:00,1.33275,filter_exit,528,0.006003878281622854
GBPUSD=X,10,short,2026-03-04 01:25:00+00:00,1.33078,2026-03-04 02:00:00+00:00,1.33258,filter_exit,7,-0.001352590210252691
GBPUSD=X,11,short,2026-03-09 01:00:00+00:00,1.32895,2026-03-09 05:20:00+00:00,1.33242,stop_exit,52,-0.002611083938447445
GBPUSD=X,12,short,2026-03-12 02:20:00+00:00,1.33826,2026-03-12 08:00:00+00:00,1.33938,stop_exit,68,-0.0008369076263208264
GBPUSD=X,13,short,2026-03-12 12:30:00+00:00,1.33725,2026-03-13 07:00:00+00:00,1.3301,take_profit_exit,222,0.0053467937932323295
GBPUSD=X,14,short,2026-03-13 07:05:00+00:00,1.32988,2026-03-13 19:40:00+00:00,1.32298,take_profit_exit,151,0.005188438054561262
GBPUSD=X,15,short,2026-03-13 19:45:00+00:00,1.32267,2026-03-15 21:00:00+00:00,1.32432,stop_exit,15,-0.0012474766948671334
GBPUSD=X,16,short,2026-03-15 22:15:00+00:00,1.32265,2026-03-15 23:40:00+00:00,1.32453,stop_exit,17,-0.0014213888783880524
GBPUSD=X,17,short,2026-03-16 05:30:00+00:00,1.32514,2026-03-16 06:10:00+00:00,1.32544,stop_exit,8,-0.0002263911737627744
GBPUSD=X,18,short,2026-03-16 06:20:00+00:00,1.32454,2026-03-16 09:00:00+00:00,1.32489,filter_exit,32,-0.0002642426804775333
GBPUSD=X,19,short,2026-03-18 18:40:00+00:00,1.33116,2026-03-19 09:00:00+00:00,1.32648,filter_exit,172,0.00351573064094457
GBPUSD=X,20,short,2026-03-23 05:15:00+00:00,1.3317,2026-03-23 06:20:00+00:00,1.32921,take_profit_exit,13,0.0018697904933544507
GBPUSD=X,21,short,2026-03-23 06:25:00+00:00,1.32923,2026-03-23 07:35:00+00:00,1.33018,stop_exit,14,-0.0007146994876732204
GBPUSD=X,22,short,2026-03-27 00:25:00+00:00,1.33257,2026-03-27 01:30:00+00:00,1.33414,stop_exit,13,-0.0011781745049042058
GBPUSD=X,23,short,2026-03-27 06:50:00+00:00,1.33348,2026-03-27 07:40:00+00:00,1.33138,take_profit_exit,10,0.001574826769055404
GBPUSD=X,24,short,2026-03-27 07:45:00+00:00,1.33184,2026-03-27 11:50:00+00:00,1.32896,take_profit_exit,49,0.002162421912542012
GBPUSD=X,25,short,2026-03-27 11:55:00+00:00,1.32832,2026-03-27 13:45:00+00:00,1.33042,stop_exit,22,-0.0015809443507588394
GBPUSD=X,26,short,2026-03-27 16:20:00+00:00,1.3289,2026-03-30 09:05:00+00:00,1.32338,take_profit_exit,200,0.004153811422981435
GBPUSD=X,27,short,2026-03-30 09:10:00+00:00,1.32289,2026-03-30 10:05:00+00:00,1.32438,stop_exit,11,-0.0011263219164103777
GBPUSD=X,28,short,2026-03-30 10:30:00+00:00,1.32348,2026-03-30 11:20:00+00:00,1.32407,stop_exit,10,-0.0004457944207696407
GBPUSD=X,29,short,2026-03-30 11:55:00+00:00,1.32314,2026-03-30 13:40:00+00:00,1.31898,take_profit_exit,21,0.003144036156415786
GBPUSD=X,30,short,2026-03-30 13:45:00+00:00,1.31862,2026-03-31 05:00:00+00:00,1.31982,filter_exit,183,-0.0009100423169678962
GBPUSD=X,31,short,2026-04-02 05:15:00+00:00,1.32268,2026-04-02 10:15:00+00:00,1.31913,take_profit_exit,60,0.002683944718299358
GBPUSD=X,32,short,2026-04-02 10:20:00+00:00,1.31896,2026-04-02 11:55:00+00:00,1.32018,stop_exit,19,-0.0009249711894219192
GBPUSD=X,33,short,2026-04-02 18:35:00+00:00,1.32222,2026-04-02 18:45:00+00:00,1.32266,stop_exit,2,-0.000332773668527242
GBPUSD=X,34,short,2026-04-02 19:45:00+00:00,1.32232,2026-04-03 00:00:00+00:00,1.32345,stop_exit,51,-0.0008545586544861372
GBPUSD=X,35,short,2026-04-03 02:20:00+00:00,1.32237,2026-04-03 05:00:00+00:00,1.32271,filter_exit,32,-0.00025711412085871466
GBPUSD=X,36,short,2026-04-03 12:50:00+00:00,1.32146,2026-04-03 20:55:00+00:00,1.31984,end_of_data,97,0.0012259167890061873
GBPNZD=X,1,short,2026-02-26 18:05:00+00:00,2.25691,2026-02-27 06:30:00+00:00,2.24999,take_profit_exit,149,0.003066139101692178
GBPNZD=X,2,short,2026-02-27 06:35:00+00:00,2.24961,2026-02-27 07:45:00+00:00,2.25173,stop_exit,14,-0.0009423855690540162
GBPNZD=X,3,short,2026-02-27 10:45:00+00:00,2.25144,2026-02-27 11:35:00+00:00,2.25299,stop_exit,10,-0.0006884482819884408
GBPNZD=X,4,short,2026-02-27 11:55:00+00:00,2.25068,2026-02-27 15:55:00+00:00,2.24036,take_profit_exit,48,0.00458528089288579
GBPNZD=X,5,short,2026-02-27 16:00:00+00:00,2.24122,2026-02-27 17:30:00+00:00,2.24428,stop_exit,18,-0.0013653278125305146
GBPNZD=X,6,short,2026-03-02 01:20:00+00:00,2.24676,2026-03-02 02:00:00+00:00,2.24608,filter_exit,8,0.00030265804981399747
GBPNZD=X,7,short,2026-03-02 08:10:00+00:00,2.24789,2026-03-02 09:00:00+00:00,2.24446,take_profit_exit,10,0.001525875376464092
GBPNZD=X,8,short,2026-03-02 09:05:00+00:00,2.24346,2026-03-02 10:00:00+00:00,2.24518,filter_exit,11,-0.000766672907027699
GBPNZD=X,9,short,2026-03-04 18:30:00+00:00,2.25148,2026-03-05 01:50:00+00:00,2.25288,stop_exit,88,-0.0006218132073125826
GBPNZD=X,10,short,2026-03-05 02:50:00+00:00,2.25071,2026-03-05 06:00:00+00:00,2.25059,filter_exit,38,5.331650901285734e-05
GBPNZD=X,11,long,2026-03-18 17:10:00+00:00,2.2839,2026-03-18 20:20:00+00:00,2.2891,take_profit_exit,38,0.0022768072157273167
GBPNZD=X,12,long,2026-03-18 20:25:00+00:00,2.28916,2026-03-18 21:00:00+00:00,2.28614,stop_exit,7,-0.0013192612137202797
GBPNZD=X,13,long,2026-03-18 21:50:00+00:00,2.28836,2026-03-19 00:30:00+00:00,2.2831,stop_exit,32,-0.0022985893827893733
GBPNZD=X,14,long,2026-03-19 12:00:00+00:00,2.28758,2026-03-19 19:05:00+00:00,2.28582,stop_exit,85,-0.000769372000104962
GBPNZD=X,15,long,2026-03-20 18:00:00+00:00,2.28562,2026-03-20 19:20:00+00:00,2.29051,take_profit_exit,16,0.002139463252859075
GBPNZD=X,16,long,2026-03-20 19:25:00+00:00,2.28983,2026-03-20 20:45:00+00:00,2.28775,stop_exit,16,-0.0009083643763947435
GBPNZD=X,17,long,2026-03-22 21:30:00+00:00,2.29032,2026-03-22 21:35:00+00:00,2.28699,stop_exit,1,-0.0014539453002200275
GBPNZD=X,18,long,2026-03-23 01:15:00+00:00,2.28776,2026-03-23 05:10:00+00:00,2.29328,take_profit_exit,47,0.002412840507745706
GBPNZD=X,19,long,2026-03-23 05:15:00+00:00,2.29338,2026-03-23 10:30:00+00:00,2.29916,take_profit_exit,63,0.002520297552084827
GBPNZD=X,20,long,2026-03-23 10:35:00+00:00,2.301,2026-03-23 11:05:00+00:00,2.29486,stop_exit,6,-0.0026684050412865146
GBPNZD=X,21,long,2026-03-23 12:00:00+00:00,2.29898,2026-03-23 13:55:00+00:00,2.2898,stop_exit,23,-0.0039930751898666905
GBPNZD=X,22,long,2026-03-23 21:45:00+00:00,2.29415,2026-03-25 05:00:00+00:00,2.30261,filter_exit,375,0.0036876403025085658
GBPNZD=X,23,long,2026-03-26 06:00:00+00:00,2.3033,2026-03-26 07:50:00+00:00,2.30834,take_profit_exit,22,0.002188164807015891
GBPNZD=X,24,long,2026-03-26 07:55:00+00:00,2.3081,2026-03-26 08:00:00+00:00,2.30621,stop_exit,1,-0.0008188553355573669
GBPNZD=X,25,long,2026-03-26 09:05:00+00:00,2.3077,2026-03-26 09:25:00+00:00,2.30651,stop_exit,4,-0.0005156649477836561
GBPNZD=X,26,long,2026-03-26 10:40:00+00:00,2.30741,2026-03-26 12:05:00+00:00,2.3068,stop_exit,17,-0.00026436567406751266
GBPNZD=X,27,long,2026-03-26 13:40:00+00:00,2.3075,2026-03-26 14:00:00+00:00,2.30706,stop_exit,4,-0.0001906825568798176
GBPNZD=X,28,long,2026-03-26 14:15:00+00:00,2.3084,2026-03-26 19:05:00+00:00,2.3139,take_profit_exit,58,0.002382602668514977
GBPNZD=X,29,long,2026-03-26 19:10:00+00:00,2.31432,2026-03-26 20:10:00+00:00,2.31272,stop_exit,12,-0.0006913477825019054
GBPNZD=X,30,long,2026-03-26 21:00:00+00:00,2.31435,2026-03-26 21:55:00+00:00,2.3126,stop_exit,11,-0.0007561518352885432
GBPNZD=X,31,long,2026-03-26 22:20:00+00:00,2.31466,2026-03-27 05:00:00+00:00,2.31027,filter_exit,80,-0.0018966068450657625
GBPNZD=X,32,long,2026-03-31 09:15:00+00:00,2.31327,2026-03-31 11:20:00+00:00,2.30954,stop_exit,25,-0.0016124360753392297
GBPNZD=X,33,long,2026-04-01 13:00:00+00:00,2.30872,2026-04-02 01:15:00+00:00,2.31576,take_profit_exit,147,0.0030493087078553582
GBPNZD=X,34,long,2026-04-02 01:20:00+00:00,2.31552,2026-04-02 05:00:00+00:00,2.3181,filter_exit,44,0.0011142205638474678
GBPNZD=X,35,long,2026-04-02 20:15:00+00:00,2.31386,2026-04-03 07:55:00+00:00,2.31888,take_profit_exit,140,0.0021695348897512456
GBPNZD=X,36,long,2026-04-03 08:00:00+00:00,2.31956,2026-04-03 10:50:00+00:00,2.31796,stop_exit,34,-0.0006897859938954642
GBPNZD=X,37,long,2026-04-03 14:40:00+00:00,2.31862,2026-04-03 15:50:00+00:00,2.31698,stop_exit,14,-0.0007073172835566632
GBPNZD=X,38,long,2026-04-03 16:30:00+00:00,2.31851,2026-04-03 17:05:00+00:00,2.31752,stop_exit,7,-0.000426998373955656
GBPNZD=X,39,long,2026-04-03 17:45:00+00:00,2.31886,2026-04-03 20:00:00+00:00,2.31962,stop_exit,27,0.0003277472551168614
XAUUSD=X,1,long,2026-02-20 06:00:00+00:00,5014.925,2026-02-20 15:05:00+00:00,5022.1,stop_exit,109,0.001430729273119713
XAUUSD=X,2,long,2026-02-20 15:45:00+00:00,5047.34,2026-02-22 23:40:00+00:00,5158.85,take_profit_exit,83,0.02209282513165345
XAUUSD=X,3,long,2026-02-22 23:45:00+00:00,5158.915,2026-02-23 00:00:00+00:00,5148.45,stop_exit,3,-0.0020285273163058726
XAUUSD=X,4,long,2026-02-23 01:05:00+00:00,5155.15,2026-02-23 07:25:00+00:00,5136.73,stop_exit,76,-0.0035731259032230067
XAUUSD=X,5,long,2026-02-23 10:15:00+00:00,5152.89,2026-02-23 10:35:00+00:00,5152.785,stop_exit,4,-2.037691470235803e-05
XAUUSD=X,6,long,2026-02-23 10:50:00+00:00,5160.155,2026-02-23 13:25:00+00:00,5149.98,stop_exit,31,-0.0019718399931785147
XAUUSD=X,7,long,2026-02-23 14:15:00+00:00,5159.765,2026-02-23 16:15:00+00:00,5215.32,take_profit_exit,24,0.010766963224100312
XAUUSD=X,8,long,2026-02-23 16:20:00+00:00,5216.215,2026-02-24 01:15:00+00:00,5160.52,stop_exit,95,-0.01067728228226783
XAUUSD=X,9,long,2026-02-27 13:05:00+00:00,5211.53,2026-03-01 23:00:00+00:00,5368.53,take_profit_exit,107,0.030125510166880032
XAUUSD=X,10,long,2026-03-01 23:05:00+00:00,5351.55,2026-03-02 14:00:00+00:00,5377.065,filter_exit,179,0.004767777559772313
XAUUSD=X,11,long,2026-03-03 00:40:00+00:00,5355.13,2026-03-03 00:50:00+00:00,5350.1,stop_exit,2,-0.0009392862544886915
XAUUSD=X,12,long,2026-03-03 01:00:00+00:00,5362.945,2026-03-03 01:45:00+00:00,5352.14,stop_exit,9,-0.0020147512234415244
XAUUSD=X,13,long,2026-03-11 01:00:00+00:00,5218.105,2026-03-11 02:00:00+00:00,5202.38,stop_exit,12,-0.0030135461053388823
XAUUSD=X,14,long,2026-03-11 02:50:00+00:00,5219.76,2026-03-11 03:50:00+00:00,5200.545,stop_exit,12,-0.0036812037335050007
XAUUSD=X,15,short,2026-03-19 10:15:00+00:00,4693.93,2026-03-19 12:10:00+00:00,4619.615,take_profit_exit,23,0.01583214917989839
XAUUSD=X,16,short,2026-03-19 12:15:00+00:00,4616.47,2026-03-19 19:10:00+00:00,4657.32,stop_exit,83,-0.008848752401726667
XAUUSD=X,17,short,2026-03-20 17:20:00+00:00,4570.315,2026-03-20 18:55:00+00:00,4500.025,take_profit_exit,19,0.015379683894873764
XAUUSD=X,18,short,2026-03-20 19:00:00+00:00,4500.64,2026-03-23 00:35:00+00:00,4349.755,take_profit_exit,55,0.033525231967009184
XAUUSD=X,19,short,2026-03-23 00:40:00+00:00,4363.375,2026-03-23 01:30:00+00:00,4441.75,stop_exit,10,-0.017962013349758
XAUUSD=X,20,short,2026-03-23 01:55:00+00:00,4388.005,2026-03-23 06:40:00+00:00,4182.97,take_profit_exit,57,0.04672624575404993
XAUUSD=X,21,short,2026-03-23 06:45:00+00:00,4206.595,2026-03-23 09:00:00+00:00,4253.575,filter_exit,27,-0.011168177587811412
XAUUSD=X,22,short,2026-03-26 05:10:00+00:00,4508.655,2026-03-26 05:50:00+00:00,4462.595,take_profit_exit,8,0.01021590696116681
XAUUSD=X,23,short,2026-03-26 05:55:00+00:00,4439.045,2026-03-27 01:00:00+00:00,4388.54,filter_exit,217,0.011377447176138089
USDJPY=X,1,long,2026-03-02 11:05:00+00:00,156.962,2026-03-02 13:05:00+00:00,157.456,take_profit_exit,24,0.0031472585721383783
USDJPY=X,2,long,2026-03-02 13:10:00+00:00,157.41,2026-03-02 19:25:00+00:00,157.2,stop_exit,75,-0.0013340956737183385
USDJPY=X,3,long,2026-03-02 22:15:00+00:00,157.392,2026-03-02 22:35:00+00:00,157.329,stop_exit,4,-0.0004002744739248776
USDJPY=X,4,long,2026-03-02 22:55:00+00:00,157.405,2026-03-02 23:15:00+00:00,157.228,stop_exit,4,-0.0011244877862837122
USDJPY=X,5,long,2026-03-03 00:40:00+00:00,157.447,2026-03-03 01:55:00+00:00,157.292,stop_exit,15,-0.0009844582621453268
USDJPY=X,6,long,2026-03-03 04:55:00+00:00,157.398,2026-03-03 06:35:00+00:00,157.265,stop_exit,20,-0.0008449916771496868
USDJPY=X,7,long,2026-03-03 07:55:00+00:00,157.413,2026-03-03 09:30:00+00:00,157.802,take_profit_exit,19,0.002471206317140151
USDJPY=X,8,long,2026-03-03 09:35:00+00:00,157.755,2026-03-03 12:20:00+00:00,157.588,stop_exit,33,-0.0010586035307914576
USDJPY=X,9,long,2026-03-03 13:20:00+00:00,157.796,2026-03-03 15:00:00+00:00,157.64,stop_exit,20,-0.0009886182159244417
USDJPY=X,10,long,2026-03-03 15:25:00+00:00,157.89,2026-03-03 18:35:00+00:00,157.547,stop_exit,38,-0.0021723985052883865
USDJPY=X,11,long,2026-03-05 10:05:00+00:00,157.158,2026-03-05 12:40:00+00:00,157.431,take_profit_exit,31,0.0017371053334862552
USDJPY=X,12,long,2026-03-05 12:45:00+00:00,157.48,2026-03-06 12:20:00+00:00,158.055,take_profit_exit,283,0.003651257302514699
USDJPY=X,13,long,2026-03-06 12:55:00+00:00,158.004,2026-03-06 13:30:00+00:00,157.492,stop_exit,7,-0.0032404242930558214
USDJPY=X,14,long,2026-03-06 14:15:00+00:00,157.979,2026-03-06 14:50:00+00:00,157.728,stop_exit,7,-0.0015888187670513032
USDJPY=X,15,long,2026-03-06 18:00:00+00:00,157.817,2026-03-06 18:05:00+00:00,157.752,stop_exit,1,-0.0004118694437227344
USDJPY=X,16,long,2026-03-06 18:40:00+00:00,157.769,2026-03-08 22:05:00+00:00,158.266,take_profit_exit,53,0.0031501752562288488
USDJPY=X,17,long,2026-03-08 22:10:00+00:00,158.416,2026-03-09 13:00:00+00:00,158.522,filter_exit,178,0.0006691243308756256
USDJPY=X,18,long,2026-03-10 21:25:00+00:00,158.116,2026-03-11 00:10:00+00:00,157.972,stop_exit,33,-0.0009107237724202966
USDJPY=X,19,long,2026-03-11 00:50:00+00:00,158.198,2026-03-11 06:25:00+00:00,157.978,stop_exit,67,-0.0013906623345427693
USDJPY=X,20,long,2026-03-11 07:50:00+00:00,158.252,2026-03-11 13:45:00+00:00,158.587,take_profit_exit,71,0.00211687687991291
USDJPY=X,21,long,2026-03-11 14:25:00+00:00,158.602,2026-03-13 04:35:00+00:00,159.598,take_profit_exit,458,0.006279870367334572
USDJPY=X,22,long,2026-03-13 04:40:00+00:00,159.524,2026-03-13 05:10:00+00:00,159.381,stop_exit,6,-0.0008964168400993344
USDJPY=X,23,long,2026-03-13 06:20:00+00:00,159.414,2026-03-13 09:00:00+00:00,159.264,stop_exit,32,-0.0009409462155142156
USDJPY=X,24,long,2026-03-13 15:25:00+00:00,159.454,2026-03-13 20:30:00+00:00,159.73,take_profit_exit,61,0.0017309067191790817
USDJPY=X,25,long,2026-03-13 20:35:00+00:00,159.743,2026-03-15 21:00:00+00:00,159.566,stop_exit,5,-0.0011080297728225386
USDJPY=X,26,long,2026-03-18 11:25:00+00:00,159.086,2026-03-18 18:45:00+00:00,159.644,take_profit_exit,88,0.003507536803992739
USDJPY=X,27,long,2026-03-18 18:50:00+00:00,159.679,2026-03-19 05:00:00+00:00,159.668,filter_exit,122,-6.88882069651564e-05
USDJPY=X,28,long,2026-03-22 21:00:00+00:00,159.346,2026-03-22 21:40:00+00:00,159.207,stop_exit,8,-0.0008723155899740265
USDJPY=X,29,long,2026-03-22 21:50:00+00:00,159.375,2026-03-22 23:05:00+00:00,159.136,stop_exit,15,-0.0014996078431372961
USDJPY=X,30,long,2026-03-23 00:50:00+00:00,159.475,2026-03-23 09:00:00+00:00,159.482,filter_exit,98,4.389402727711378e-05
USDJPY=X,31,long,2026-03-25 13:25:00+00:00,159.043,2026-03-25 18:40:00+00:00,159.376,take_profit_exit,63,0.0020937733820414195
USDJPY=X,32,long,2026-03-25 18:45:00+00:00,159.377,2026-03-26 17:40:00+00:00,159.736,take_profit_exit,275,0.0022525207526806756
USDJPY=X,33,long,2026-03-26 17:45:00+00:00,159.744,2026-03-26 20:10:00+00:00,159.57,stop_exit,29,-0.001089242788461564
USDJPY=X,34,long,2026-03-26 21:25:00+00:00,159.752,2026-03-27 00:05:00+00:00,159.668,stop_exit,32,-0.0005258150132705364
USDJPY=X,35,long,2026-03-27 06:35:00+00:00,159.672,2026-03-27 07:25:00+00:00,159.959,take_profit_exit,10,0.0017974347412195169
USDJPY=X,36,long,2026-03-27 07:30:00+00:00,159.916,2026-03-27 15:30:00+00:00,159.761,stop_exit,96,-0.0009692588609019337
USDJPY=X,37,long,2026-03-27 15:55:00+00:00,160.168,2026-03-29 21:00:00+00:00,160.198,filter_exit,61,0.00018730333150185352
USDJPY=X,38,long,2026-04-02 17:20:00+00:00,159.526,2026-04-03 00:00:00+00:00,159.485,stop_exit,80,-0.00025701139626144176
USDJPY=X,39,long,2026-04-03 01:15:00+00:00,159.58,2026-04-03 20:55:00+00:00,159.632,end_of_data,236,0.00032585537034712786
USDCHF=X,1,short,2026-02-27 14:00:00+00:00,0.76976,2026-03-02 06:00:00+00:00,0.76934,filter_exit,192,0.0005456246102680806
USDCHF=X,2,long,2026-03-12 17:15:00+00:00,0.78446,2026-03-13 04:25:00+00:00,0.7869,take_profit_exit,134,0.0031104199066873672
USDCHF=X,3,long,2026-03-13 04:30:00+00:00,0.78711,2026-03-13 05:00:00+00:00,0.78682,stop_exit,6,-0.000368436432010788
USDCHF=X,4,long,2026-03-13 05:40:00+00:00,0.78699,2026-03-13 07:45:00+00:00,0.78837,take_profit_exit,25,0.0017535165631075156
USDCHF=X,5,long,2026-03-13 07:50:00+00:00,0.78858,2026-03-13 09:25:00+00:00,0.78744,stop_exit,19,-0.001445636460473132
USDCHF=X,6,long,2026-03-13 10:25:00+00:00,0.78855,2026-03-13 10:45:00+00:00,0.78776,stop_exit,4,-0.0010018388180838
USDCHF=X,7,long,2026-03-13 14:45:00+00:00,0.7885,2026-03-16 09:00:00+00:00,0.78962,filter_exit,219,0.001420418516169919
USDCHF=X,8,long,2026-03-18 13:00:00+00:00,0.78835,2026-03-19 09:15:00+00:00,0.79334,take_profit_exit,243,0.006329675905372145
USDCHF=X,9,long,2026-03-19 09:20:00+00:00,0.79304,2026-03-19 13:55:00+00:00,0.79212,stop_exit,55,-0.001160092807424462
USDCHF=X,10,long,2026-03-23 05:15:00+00:00,0.78948,2026-03-23 07:35:00+00:00,0.78899,stop_exit,28,-0.0006206617013730931
USDCHF=X,11,long,2026-03-23 08:40:00+00:00,0.78986,2026-03-23 09:00:00+00:00,0.79146,filter_exit,4,0.0020256754361533957
USDCHF=X,12,long,2026-03-24 13:05:00+00:00,0.79028,2026-03-24 17:00:00+00:00,0.79178,filter_exit,47,0.0018980614465760048
USDCHF=X,13,long,2026-03-25 04:45:00+00:00,0.78954,2026-03-25 08:25:00+00:00,0.78874,stop_exit,44,-0.0010132482204828763
USDCHF=X,14,long,2026-03-25 09:25:00+00:00,0.79016,2026-03-25 11:00:00+00:00,0.78865,stop_exit,19,-0.001911005366001861
USDCHF=X,15,long,2026-03-25 12:55:00+00:00,0.78965,2026-03-25 13:00:00+00:00,0.78932,stop_exit,1,-0.0004179066675108478
USDCHF=X,16,long,2026-03-25 13:10:00+00:00,0.78994,2026-03-25 15:40:00+00:00,0.79202,take_profit_exit,30,0.002633111375547559
USDCHF=X,17,long,2026-03-25 15:45:00+00:00,0.79215,2026-03-25 16:25:00+00:00,0.7913,stop_exit,8,-0.001073029098024425
USDCHF=X,18,long,2026-03-25 17:05:00+00:00,0.79171,2026-03-25 17:30:00+00:00,0.791,stop_exit,5,-0.0008967930176453365
USDCHF=X,19,long,2026-03-25 18:45:00+00:00,0.79148,2026-03-26 11:40:00+00:00,0.79344,take_profit_exit,203,0.002476373376459451
USDCHF=X,20,long,2026-03-26 11:45:00+00:00,0.7935,2026-03-27 09:50:00+00:00,0.79741,take_profit_exit,265,0.004927536231883911
USDCHF=X,21,long,2026-03-27 09:55:00+00:00,0.79732,2026-03-27 13:15:00+00:00,0.79652,stop_exit,40,-0.0010033612602218245
USDCHF=X,22,long,2026-03-27 15:20:00+00:00,0.79712,2026-03-29 21:05:00+00:00,0.7993,take_profit_exit,69,0.0027348454435969227
USDCHF=X,23,long,2026-03-29 22:00:00+00:00,0.79937,2026-03-30 06:05:00+00:00,0.79814,stop_exit,97,-0.0015387117354918045
USDCHF=X,24,long,2026-03-30 07:10:00+00:00,0.79928,2026-03-30 17:00:00+00:00,0.79998,filter_exit,118,0.000875788209388384
USDCHF=X,25,long,2026-04-02 09:00:00+00:00,0.79973,2026-04-02 09:35:00+00:00,0.79922,stop_exit,7,-0.0006377152288897792
USDCHF=X,26,long,2026-04-02 09:55:00+00:00,0.79972,2026-04-02 12:05:00+00:00,0.79938,stop_exit,26,-0.000425148802080777
USDCHF=X,27,long,2026-04-02 13:50:00+00:00,0.8003,2026-04-02 14:35:00+00:00,0.79862,stop_exit,9,-0.0020992127952018658
USDCHF=X,28,long,2026-04-02 18:35:00+00:00,0.79916,2026-04-02 18:45:00+00:00,0.79892,stop_exit,2,-0.00030031533109764474
USDCHF=X,29,long,2026-04-02 19:40:00+00:00,0.79898,2026-04-02 21:10:00+00:00,0.79905,stop_exit,18,8.761170492377346e-05
USDCHF=X,30,long,2026-04-02 22:25:00+00:00,0.7989,2026-04-03 05:00:00+00:00,0.79878,filter_exit,79,-0.00015020653398423178
USDCHF=X,31,long,2026-04-03 12:50:00+00:00,0.7992,2026-04-03 20:55:00+00:00,0.79987,end_of_data,97,0.0008383383383383514
AUDUSD=X,1,long,2026-02-20 18:00:00+00:00,0.70779,2026-02-22 23:55:00+00:00,0.71118,take_profit_exit,71,0.004789556224303881
AUDUSD=X,2,long,2026-02-23 00:00:00+00:00,0.71072,2026-02-23 00:25:00+00:00,0.70964,stop_exit,5,-0.001519585772174703
AUDUSD=X,3,long,2026-02-23 06:30:00+00:00,0.7079,2026-02-23 10:00:00+00:00,0.70812,filter_exit,42,0.00031077835852522107
AUDUSD=X,4,long,2026-02-24 22:35:00+00:00,0.70606,2026-02-25 00:00:00+00:00,0.70584,stop_exit,17,-0.0003115882502903178
AUDUSD=X,5,long,2026-02-25 00:15:00+00:00,0.70622,2026-02-25 00:30:00+00:00,0.70737,take_profit_exit,3,0.0016283877545242298
AUDUSD=X,6,long,2026-02-25 00:35:00+00:00,0.7073,2026-02-25 06:10:00+00:00,0.71136,take_profit_exit,67,0.005740138555068608
AUDUSD=X,7,long,2026-02-25 06:15:00+00:00,0.71137,2026-02-25 07:30:00+00:00,0.71052,stop_exit,15,-0.0011948774899136483
AUDUSD=X,8,long,2026-02-25 13:20:00+00:00,0.70964,2026-02-25 13:30:00+00:00,0.70908,stop_exit,2,-0.0007891325178963626
AUDUSD=X,9,long,2026-02-25 14:15:00+00:00,0.70938,2026-02-25 16:00:00+00:00,0.711,take_profit_exit,21,0.0022836843440749988
AUDUSD=X,10,long,2026-02-25 16:05:00+00:00,0.7111,2026-02-26 10:00:00+00:00,0.71166,filter_exit,215,0.0007875123048797228
AUDUSD=X,11,long,2026-03-10 13:00:00+00:00,0.71176,2026-03-10 13:50:00+00:00,0.71154,stop_exit,10,-0.0003090929526806674
AUDUSD=X,12,long,2026-03-10 14:20:00+00:00,0.71228,2026-03-10 17:15:00+00:00,0.71671,take_profit_exit,35,0.006219464255629692
AUDUSD=X,13,long,2026-03-10 17:20:00+00:00,0.71653,2026-03-10 17:40:00+00:00,0.715,stop_exit,4,-0.002135290915942112
AUDUSD=X,14,long,2026-03-11 00:20:00+00:00,0.7131,2026-03-11 02:50:00+00:00,0.71712,take_profit_exit,30,0.005637358014303873
AUDUSD=X,15,long,2026-03-11 02:55:00+00:00,0.71639,2026-03-11 12:50:00+00:00,0.71454,stop_exit,119,-0.0025823922723656745
AUDUSD=X,16,long,2026-03-11 14:05:00+00:00,0.71748,2026-03-11 15:55:00+00:00,0.71496,stop_exit,22,-0.00351229302558953
AUDUSD=X,17,long,2026-03-17 17:00:00+00:00,0.71055,2026-03-17 21:05:00+00:00,0.71021,stop_exit,49,-0.00047850256843295913
AUDUSD=X,18,long,2026-03-17 22:10:00+00:00,0.71086,2026-03-18 02:55:00+00:00,0.71016,stop_exit,57,-0.0009847227302141048
AUDUSD=X,19,long,2026-03-18 04:10:00+00:00,0.71099,2026-03-18 04:20:00+00:00,0.71138,take_profit_exit,2,0.0005485309216726186
AUDUSD=X,20,long,2026-03-18 04:25:00+00:00,0.71157,2026-03-18 08:20:00+00:00,0.71056,stop_exit,47,-0.0014193965456666957
AUDUSD=X,21,short,2026-03-26 07:25:00+00:00,0.69461,2026-03-26 11:25:00+00:00,0.69256,take_profit_exit,48,0.002951296410935611
AUDUSD=X,22,short,2026-03-26 11:30:00+00:00,0.69236,2026-03-26 17:55:00+00:00,0.68853,take_profit_exit,77,0.005531804263677831
AUDUSD=X,23,short,2026-03-26 18:00:00+00:00,0.68889,2026-03-26 20:10:00+00:00,0.68983,stop_exit,26,-0.0013645139282034702
AUDUSD=X,24,short,2026-03-26 21:25:00+00:00,0.68831,2026-03-27 03:20:00+00:00,0.68964,stop_exit,71,-0.001932268890471045
AUDUSD=X,25,short,2026-03-27 07:15:00+00:00,0.68934,2026-03-27 10:05:00+00:00,0.68992,stop_exit,34,-0.0008413845127224207
AUDUSD=X,26,short,2026-03-27 10:40:00+00:00,0.68895,2026-03-27 13:00:00+00:00,0.68865,filter_exit,28,0.0004354452427606237
AUDUSD=X,27,short,2026-03-27 17:00:00+00:00,0.68818,2026-03-27 17:05:00+00:00,0.688,stop_exit,1,0.00026155947571870897
AUDUSD=X,28,short,2026-03-27 17:10:00+00:00,0.68782,2026-03-30 09:00:00+00:00,0.6855,filter_exit,190,0.0033729754877729334
AUDUSD=X,29,short,2026-04-02 09:00:00+00:00,0.68748,2026-04-02 09:30:00+00:00,0.68779,stop_exit,6,-0.00045092220864617616
AUDUSD=X,30,short,2026-04-02 10:05:00+00:00,0.6871,2026-04-02 12:20:00+00:00,0.68771,stop_exit,27,-0.0008877892592054071
AUDUSD=X,31,short,2026-04-03 13:00:00+00:00,0.69024,2026-04-03 13:10:00+00:00,0.69056,stop_exit,2,-0.00046360686138147145
AUDUSD=X,32,short,2026-04-03 13:35:00+00:00,0.69008,2026-04-03 20:55:00+00:00,0.6895,end_of_data,87,0.0008404822629261011
USDCAD=X,1,short,2026-03-04 23:10:00+00:00,1.36412,2026-03-05 03:15:00+00:00,1.3651,stop_exit,49,-0.0007184118699234965
USDCAD=X,2,short,2026-03-05 07:35:00+00:00,1.36434,2026-03-05 08:00:00+00:00,1.36554,stop_exit,5,-0.0008795461541843963
USDCAD=X,3,short,2026-03-05 09:15:00+00:00,1.36423,2026-03-05 14:00:00+00:00,1.36468,filter_exit,57,-0.0003298564025127071
USDCAD=X,4,short,2026-03-06 12:35:00+00:00,1.36532,2026-03-06 14:35:00+00:00,1.36698,stop_exit,24,-0.0012158321858610766
USDCAD=X,5,short,2026-03-06 15:00:00+00:00,1.3635,2026-03-09 21:00:00+00:00,1.35854,filter_exit,372,0.0036376971030435135
USDCAD=X,6,long,2026-03-19 05:40:00+00:00,1.37315,2026-03-19 06:10:00+00:00,1.37245,stop_exit,6,-0.0005097767905910544
USDCAD=X,7,long,2026-03-19 06:30:00+00:00,1.37288,2026-03-19 07:00:00+00:00,1.37254,stop_exit,6,-0.00024765456558473176
USDCAD=X,8,long,2026-03-19 07:20:00+00:00,1.37322,2026-03-19 13:05:00+00:00,1.3726,stop_exit,69,-0.0004514935698577416
USDCAD=X,9,long,2026-03-19 18:20:00+00:00,1.3735,2026-03-19 19:00:00+00:00,1.37185,stop_exit,8,-0.001201310520567822
USDCAD=X,10,long,2026-03-19 19:45:00+00:00,1.37372,2026-03-20 01:00:00+00:00,1.37322,filter_exit,63,-0.00036397519145092705
USDCAD=X,11,long,2026-03-23 21:00:00+00:00,1.37274,2026-03-23 21:10:00+00:00,1.3724,stop_exit,2,-0.0002476798228361332
USDCAD=X,12,long,2026-03-23 22:00:00+00:00,1.37284,2026-03-24 01:35:00+00:00,1.37476,take_profit_exit,43,0.0013985606479998136
USDCAD=X,13,long,2026-03-24 01:40:00+00:00,1.37492,2026-03-24 07:05:00+00:00,1.37364,stop_exit,65,-0.0009309632560439152
USDCAD=X,14,long,2026-03-24 12:10:00+00:00,1.37529,2026-03-24 12:50:00+00:00,1.37385,stop_exit,8,-0.0010470518945094875
USDCAD=X,15,long,2026-03-24 13:30:00+00:00,1.3756,2026-03-24 14:00:00+00:00,1.37373,stop_exit,6,-0.0013594068043035756
USDCAD=X,16,long,2026-03-24 15:00:00+00:00,1.37536,2026-03-25 17:00:00+00:00,1.38091,take_profit_exit,312,0.004035307119590659
USDCAD=X,17,long,2026-03-25 17:05:00+00:00,1.38094,2026-03-25 17:20:00+00:00,1.38032,stop_exit,3,-0.00044896954248563326
USDCAD=X,18,long,2026-03-25 17:50:00+00:00,1.38076,2026-03-26 02:10:00+00:00,1.38265,take_profit_exit,100,0.0013688113792402756
USDCAD=X,19,long,2026-03-26 02:15:00+00:00,1.38258,2026-03-26 03:10:00+00:00,1.38225,stop_exit,11,-0.00023868419910599847
USDCAD=X,20,long,2026-03-26 05:25:00+00:00,1.38225,2026-03-26 05:40:00+00:00,1.38218,stop_exit,3,-5.0642069090223174e-05
USDCAD=X,21,long,2026-03-26 05:45:00+00:00,1.38226,2026-03-26 06:25:00+00:00,1.38207,stop_exit,8,-0.00013745605023662844
USDCAD=X,22,long,2026-03-26 07:05:00+00:00,1.38256,2026-03-26 11:55:00+00:00,1.38467,take_profit_exit,58,0.0015261543802800315
USDCAD=X,23,long,2026-03-26 15:00:00+00:00,1.38386,2026-03-27 05:00:00+00:00,1.38522,filter_exit,168,0.0009827583715114052
USDCAD=X,24,long,2026-03-27 10:45:00+00:00,1.38531,2026-03-27 11:05:00+00:00,1.38486,stop_exit,4,-0.0003248370400849021
USDCAD=X,25,long,2026-03-27 11:35:00+00:00,1.38559,2026-03-27 16:00:00+00:00,1.38788,take_profit_exit,53,0.0016527255537350793
USDCAD=X,26,long,2026-03-27 16:05:00+00:00,1.38757,2026-03-27 20:25:00+00:00,1.3894,take_profit_exit,52,0.0013188523822220688
USDCAD=X,27,long,2026-03-27 20:30:00+00:00,1.38946,2026-03-29 21:00:00+00:00,1.38832,stop_exit,6,-0.0008204626257681813
USDCAD=X,28,long,2026-03-29 22:00:00+00:00,1.38967,2026-03-30 14:05:00+00:00,1.39349,take_profit_exit,193,0.002748854044485327
USDCAD=X,29,long,2026-03-30 14:10:00+00:00,1.3941,2026-03-30 14:50:00+00:00,1.3924,stop_exit,8,-0.0012194247184562634
USDCAD=X,30,long,2026-03-30 19:05:00+00:00,1.39279,2026-03-30 21:00:00+00:00,1.39234,filter_exit,23,-0.00032309249779227667
USDCAD=X,31,long,2026-04-02 09:00:00+00:00,1.39193,2026-04-02 09:15:00+00:00,1.39184,stop_exit,3,-6.46584239148984e-05
USDCAD=X,32,long,2026-04-02 10:00:00+00:00,1.39195,2026-04-02 12:00:00+00:00,1.39109,stop_exit,24,-0.0006178382844211905
USDCAD=X,33,long,2026-04-02 14:25:00+00:00,1.39246,2026-04-02 14:35:00+00:00,1.39166,stop_exit,2,-0.00057452278701009
USDCAD=X,34,long,2026-04-02 14:50:00+00:00,1.39227,2026-04-03 20:55:00+00:00,1.39464,end_of_data,361,0.0017022560279258414
NZDUSD=X,1,short,2026-03-06 10:00:00+00:00,0.58754,2026-03-06 10:55:00+00:00,0.58802,stop_exit,11,-0.0008169656534022796
NZDUSD=X,2,short,2026-03-06 11:40:00+00:00,0.58674,2026-03-06 13:30:00+00:00,0.58854,stop_exit,22,-0.0030677983433886613
NZDUSD=X,3,short,2026-03-06 13:55:00+00:00,0.586,2026-03-06 14:00:00+00:00,0.58668,filter_exit,1,-0.0011604095563140238
NZDUSD=X,4,short,2026-03-08 21:30:00+00:00,0.58715,2026-03-09 03:05:00+00:00,0.58764,stop_exit,67,-0.000834539725794281
NZDUSD=X,5,short,2026-03-12 02:35:00+00:00,0.58979,2026-03-12 08:00:00+00:00,0.59084,stop_exit,65,-0.0017802946811575904
NZDUSD=X,6,short,2026-03-12 09:10:00+00:00,0.58974,2026-03-12 09:40:00+00:00,0.59088,stop_exit,6,-0.001933055244683901
NZDUSD=X,7,short,2026-03-12 12:10:00+00:00,0.58984,2026-03-12 15:05:00+00:00,0.5859,take_profit_exit,35,0.006679777566797829
NZDUSD=X,8,short,2026-03-12 15:10:00+00:00,0.58576,2026-03-13 16:10:00+00:00,0.58018,take_profit_exit,300,0.009526085768915449
NZDUSD=X,9,short,2026-03-13 17:50:00+00:00,0.57966,2026-03-16 00:35:00+00:00,0.58053,stop_exit,81,-0.0015008798261049172
NZDUSD=X,10,short,2026-03-18 12:00:00+00:00,0.58519,2026-03-18 12:15:00+00:00,0.58374,take_profit_exit,3,0.0024778277140756755
NZDUSD=X,11,short,2026-03-18 12:20:00+00:00,0.58372,2026-03-19 13:00:00+00:00,0.5805,filter_exit,296,0.0055163434523402
NZDUSD=X,12,short,2026-03-22 21:00:00+00:00,0.5817,2026-03-22 22:25:00+00:00,0.5828,stop_exit,17,-0.0018910091112256389
NZDUSD=X,13,short,2026-03-23 00:50:00+00:00,0.58184,2026-03-23 09:00:00+00:00,0.57936,filter_exit,98,0.004262340162244027
NZDUSD=X,14,short,2026-03-24 05:05:00+00:00,0.58236,2026-03-24 06:00:00+00:00,0.58325,stop_exit,11,-0.0015282643038672106
NZDUSD=X,15,short,2026-03-24 08:40:00+00:00,0.58294,2026-03-24 17:00:00+00:00,0.58032,filter_exit,100,0.0044944591210074325
NZDUSD=X,16,short,2026-03-25 04:05:00+00:00,0.58204,2026-03-25 08:20:00+00:00,0.5825,stop_exit,51,-0.0007903236890935972
NZDUSD=X,17,short,2026-03-25 10:10:00+00:00,0.58154,2026-03-25 11:00:00+00:00,0.5825,stop_exit,10,-0.001650789283626386
NZDUSD=X,18,short,2026-03-25 12:30:00+00:00,0.58143,2026-03-26 11:55:00+00:00,0.57725,take_profit_exit,281,0.007189171525377014
NZDUSD=X,19,short,2026-03-26 12:00:00+00:00,0.57738,2026-03-26 12:15:00+00:00,0.57791,stop_exit,3,-0.000917939658457323
NZDUSD=X,20,short,2026-03-26 15:05:00+00:00,0.5781,2026-03-27 17:15:00+00:00,0.5746,take_profit_exit,314,0.0060543158623074245
NZDUSD=X,21,short,2026-03-27 17:20:00+00:00,0.57443,2026-03-30 14:20:00+00:00,0.57031,take_profit_exit,252,0.0071723273505910345
NZDUSD=X,22,short,2026-03-30 14:25:00+00:00,0.57016,2026-03-30 14:45:00+00:00,0.57114,stop_exit,4,-0.001718815771011517
NZDUSD=X,23,short,2026-03-30 19:20:00+00:00,0.57131,2026-03-30 20:50:00+00:00,0.5719,stop_exit,18,-0.00103271428821472
NZDUSD=X,24,short,2026-04-02 01:05:00+00:00,0.57471,2026-04-02 01:10:00+00:00,0.57474,stop_exit,1,-5.220024012109192e-05
NZDUSD=X,25,short,2026-04-02 01:15:00+00:00,0.57286,2026-04-03 20:55:00+00:00,0.56923,end_of_data,524,0.006336626749991359
